"macrocode","Macrorregiao","MPIBPC20092013","MPIBPC20142018","Med_por1000_20092013","Med_por1000_20142018","MPSaude20092013","MPSaude20142018","Mpobres2010","MTMI2010","MTAnalfa2010","MGini2010","MExPobres2010","MITheilL2010","MITheilRT2010","MAguaEsgRuim2010","MSemEletric2010","MIDH2010","MIDH_Edu2010","MIDH_Long2010","MIDH_Renda2010"
1101,"MACRORREGIONAL II (CACOAL)",14680.4271156302,20628.5181837531,0.654620139382011,0.880205168972783,5.73184254114691,6.1238317485409,16.0961358044985,18.1776427660277,9.87216958717161,0.531540964276059,7.2002831071691,0.516288225920608,0.444163563672623,6.69948334300118,2.31177407939227,0.680065122799772,0.572250102904837,0.798739249331288,0.689704631193139
1102,"MACRORREGIAO I - PORTO VELHO",18498.474983279,23837.3836163914,1.08549529167795,1.15255438533735,13.2141822152341,10.4275702867062,13.6417805933012,17.5967968224308,7.76281206885701,0.543563135066054,5.66838241202868,0.528850672643569,0.442345696194566,17.6091150585991,3.11469740721198,0.692477983569973,0.576854621610762,0.806044226496202,0.717391597643448
1201,"MACRO UNICA - AC",12492.0603592423,17142.037311535,0.9812441353332,0.930470527189903,6.09735851985255,4.69501412196709,29.4274228248853,22.8941347594399,17.1468728895699,0.600081520368505,15.5732866476998,0.647181467339369,0.465812265952705,28.0717842191289,8.84084927047449,0.656538980504636,0.557959584709614,0.780539844784128,0.655650154929597
1302,"OESTE",5464.21862803553,8445.90222792651,0.305180883772161,0.369786661767123,1.24776915892166,0.568000546886855,55.4623706607787,23.4564026064947,23.7375958640745,0.625514890408746,33.8580500403899,0.675549614949647,0.488279024180085,39.9914490602617,15.4436625558727,0.550281766384835,0.412063589854058,0.763087737627228,0.534620763638322
1303,"LESTE",7280.33265247938,10181.31174463,0.352507368064908,0.356708346499682,0.868970580132897,0.781415576100452,47.1434761003938,19.8788331879609,10.8750226176856,0.606266590393336,27.8057649233302,0.664651710297277,0.509343105381801,38.6238952638793,15.6094789436521,0.61108556583861,0.512302093363087,0.784876386230021,0.571132275701658
1304,"CENTRAL",23858.5794673122,28008.79591977,1.11560552812459,1.01672042548905,18.6664952254725,16.0011069780473,22.7665281721194,16.3306046899585,7.86463913294561,0.612194514566967,10.8274092742178,0.673419403988457,0.482345906928516,13.6812843893745,4.77856257173447,0.691949480058119,0.596484082477473,0.810937906562263,0.69024028728325
1401,"MACRO-RORAIMA",15830.0621714918,21588.0074681751,1.16993778477572,1.14238765023705,5.94609160270264,5.24259433430741,26.635701420044,16.2218990674371,10.8410220232242,0.606615513708741,15.6414925446025,0.674137884340891,0.47574266502989,12.4484632579987,9.24855862315446,0.696991196037995,0.626152495454838,0.809357275255894,0.67556806421609
1509,"MACRORREGIONAL IV",21244.7136970413,25843.3603049704,0.416676653441785,0.446062005741686,8.41095636052453,7.6566434084081,28.6552204615013,21.469135415044,14.601225584949,0.555168539609284,13.2141733836765,0.538371716096417,0.393783058188719,30.6292714159673,6.07599637625177,0.624681095650935,0.49698475894128,0.783198847035066,0.630107093553373
1510,"MACRORREGIONAL III",9325.84168242796,16397.0170601291,0.303493720814419,0.403238343646012,3.21028308142474,3.24217986014604,39.6433452009808,20.6043284012779,13.0832654694088,0.590299661513818,22.1762425328505,0.62902348908835,0.493394748340565,38.1989939606982,15.6311596492335,0.616689598579489,0.50518533860505,0.788102008209253,0.59624585950815
1511,"MACRORREGIONAL II",7311.45768071629,11340.8279799075,0.309805396203248,0.333517743251572,2.61394663519084,2.33475724433317,41.5460664046698,23.3927446702189,16.373633336201,0.560341035210937,20.5722632769375,0.562265028057581,0.470004185604085,35.1667788054676,7.67764446283019,0.588778547985876,0.463856760208206,0.770674513148959,0.576025662146092
1512,"MACRORREGIONAL I",11159.1760910081,15808.8660811696,1.0355758469572,1.04056858187515,15.9855697833737,15.1551435478626,26.5600188133288,18.7802634248611,8.44536191348228,0.573684383693712,12.4089869750935,0.599981824303084,0.487262509221751,21.5515567623093,6.4726326449672,0.671231797363137,0.577571856012518,0.803594826382402,0.660991170392456
1601,"MACRO UNICA - AP",14340.1192008684,18813.0654452062,0.865697261067545,0.802071685525108,9.51543700532407,8.08705693220825,24.0793272255297,15.9570538858834,8.54827725883685,0.589340996466157,9.94219507532194,0.648465391933995,0.49029553743992,21.5348181399976,1.73909695814651,0.702498262950207,0.626141740574675,0.806740706111488,0.68699832418756
1701,"MACRORREGIAO NORTE",10975.4732368358,16573.6611416816,0.850093397032098,0.892510879981426,3.05879934891437,3.42758753126662,27.0481154898166,19.3913706665067,16.5509251119679,0.546104635560689,12.6947097836649,0.552429639852721,0.446677850950664,11.7270769182047,5.49572176968376,0.667705211609654,0.592264725835029,0.792481854290948,0.637447971410903
1702,"MACRORREGIAO CENTRO-SUL",15339.8695154479,23379.0684395644,1.11402050718812,1.20830926687562,7.90821704580211,7.78468030118159,18.3470356581272,16.262932880321,10.8383266793959,0.563418473100054,8.27542480114768,0.586335424813911,0.464062522335787,5.24376932364683,5.07522445551732,0.713362036309056,0.640248118688545,0.817887779899323,0.697017548270827
2109,"MACRORREGIAO SUL",10008.5883358619,16226.3293475051,0.481875466344349,0.545492651525221,4.08987761095678,4.7303688898436,34.9141114706284,26.1202605925269,20.1166437505438,0.571582007929636,18.3588236381037,0.596731697414375,0.486955094397468,20.8816375733823,5.99885542293463,0.632970529429555,0.547466979322459,0.768891827172053,0.606376460498896
2110,"MACRORREGIAO NORTE",8549.29681239873,12516.5214773706,0.627646868150965,0.648735127997753,7.51039453241008,7.85461537451948,39.0033480685008,26.8137095105749,18.8633655952102,0.567867822834657,22.4376869361313,0.592342766397244,0.485099995903999,27.0993946762946,3.24368774176515,0.638422470921655,0.580235893386054,0.765194487513328,0.591735555139868
2111,"MACRORREGIAO LESTE",5272.98938842292,8723.70220945023,0.532103260944811,0.546269657475702,1.788267496541,2.1843205418505,44.3366714747442,31.3532186430928,28.686805996676,0.559882058769302,25.7081878303517,0.593229620885038,0.520494104892968,18.6001290102331,3.86097881514114,0.590463866124357,0.498047998035073,0.740864597238808,0.559516603177892
2207,"SEMI-ARIDO",5613.08828996121,9386.80153425503,0.50543320441381,0.53815983436913,2.36735238976369,2.45298607779702,38.7936033350986,28.6247339891164,30.4931107412484,0.535575768985131,22.8789392993056,0.558950629773443,0.52206520649074,9.43221558150459,8.35047174508559,0.592403672549478,0.482427674139967,0.75092929189854,0.577127279508919
2208,"MEIO NORTE",10707.7152936535,16725.7335619614,1.34988008302323,1.43588796426373,13.8703546570922,15.5100194136269,24.8469342872647,19.699623200169,16.8469731908212,0.583205078513898,12.090927445893,0.642261520970225,0.536814696257385,4.70814641538571,2.7521796403454,0.69022089301104,0.621717767958791,0.798641797725825,0.666789103812229
2209,"LITORAL",5091.77849378799,8745.95656395808,0.470794771037249,0.595702173748145,2.37666715339174,2.71278360481547,41.4456468042702,24.7957529441435,28.8601220869972,0.549604197615159,22.7436101243476,0.571250272961859,0.547518215398432,11.6409782030344,6.67870828296995,0.592878094464795,0.475709131842885,0.768870885196087,0.573440065264796
2210,"CERRADOS",7821.12794973977,14367.5962427299,0.480611495195789,0.545620448231366,2.16065563621255,2.65193321629765,41.4401199157377,26.0213469116271,24.0301471985218,0.557647828057678,25.2892943293141,0.599030028428974,0.500596470083585,10.6555263875406,15.671335970727,0.599169854868093,0.494136908865776,0.761732022625087,0.574340095272663
2306,"5ª MACRO - LITORAL LESTE/JAGUARIBE",8021.09509628164,12738.090536085,0.488357155008422,0.51485245482145,2.54177202510035,2.97913490428187,32.4505421722872,23.4437438459857,24.2759924091624,0.49882759861415,15.7192409742736,0.473057614147898,0.450776145734797,15.5293214286405,0.660128854661769,0.639668835201059,0.577937882419396,0.76875579517119,0.589864811902371
2307,"4ª MACRO - SERTAO CENTRAL",5329.20514890647,8369.63760191688,0.400587083330582,0.430126086361415,1.60295782795924,1.55277182464804,44.2297185654663,22.9434932250872,28.0482534691311,0.547582854855967,25.2906040984343,0.578345255110792,0.498467195373947,17.7452223592541,1.4605057294772,0.615193426823591,0.540736078146312,0.770851873208262,0.559907356436371
2308,"3ª MACRO - CARIRI",6400.87573695915,10262.7278009111,0.672859636678686,0.750769048759699,3.3973890368737,4.62624085250206,36.9219098302114,22.4369192913666,25.2688111169285,0.540031605949288,18.8478972191317,0.555925884297897,0.521546223078389,9.9664091928283,0.921538839109143,0.640076721432291,0.573330696540205,0.77778035038997,0.58963976900554
2309,"2ª MACRO - SOBRAL",6210.22773543625,9932.84362663604,0.47423192572628,0.548803977780463,2.14788775689752,2.32010987653794,44.173799721487,23.6889857044996,27.6831992139887,0.554913837851398,24.3717719602363,0.587312252964427,0.540540598256238,14.2979817390661,1.60731937981006,0.620876529972309,0.553426597027694,0.767487162994433,0.564729143845859
2310,"1ª MACRO - FORTALEZA",13909.4948728538,20574.1968092257,1.29910333018227,1.28835167130212,20.6566742778196,20.7373599806259,20.9712005824668,18.5921861321933,12.0827296219146,0.559460551239289,8.22738181049705,0.587405600134225,0.47073094857826,8.61518238416218,0.623969891978223,0.708232161783285,0.654502293239425,0.80320063747701,0.677810424624051
2401,"MACRORREGIAO II",12862.611168419,15608.2267129303,0.783257625877657,0.763233444492353,9.40006138983959,7.87094821793419,25.7613383846357,21.9527705248124,21.8604545686395,0.512367606731939,11.8662698167881,0.495858324690497,0.437437194717628,11.543332863746,0.888191380319595,0.654271393144187,0.573597026054811,0.782086808886859,0.626113793966127
2402,"MACRORREGIAO I",12513.9642391504,18099.0191292018,1.318559912617,1.23497831692657,16.6924833105626,14.8202494990398,23.0211579414734,19.6476677305256,17.711116335389,0.547332954023464,9.77836407691005,0.569939520832685,0.448409717782368,8.63062964869622,0.549253380840899,0.681949588609444,0.59911814933748,0.797222387613457,0.667603260927515
2501,"MACRORREGIAO III - SERTAO/ALTO SERTAO",6529.784941009,10387.5808371811,0.655060316468291,0.713429202921576,3.18235099296726,2.56732117472343,32.7460181090756,23.3096050137979,27.0384766765302,0.516989881526305,16.2772633573827,0.512833837594618,0.494408628963438,8.99459675721204,0.76335718322971,0.618277915572253,0.512779252141725,0.774892252108477,0.596315838237413
2502,"MACRORREGIAO II - CAMPINA GRANDE",8849.14194812463,13234.5967287854,1.02142598881314,1.06834827321972,8.2157148740328,7.79760436617202,30.4302575132272,23.14383654912,21.8659606953495,0.533184393774855,13.9149121520976,0.532394292960248,0.447606354671064,16.8404772479611,0.498097587714152,0.637697497984365,0.541687853909394,0.776970359135027,0.619051964434716
2503,"MACRORREGIAO I - JOAO PESSOA",12158.7274031661,17847.2126897431,1.46132804202447,1.39868564248284,12.7153232440705,13.0416131794268,26.0284974513522,21.9588185326082,19.869825961462,0.553356092988814,11.5706820558407,0.584911176747571,0.468769488719405,10.0363590221687,0.507000862242932,0.66610077234952,0.572615452994418,0.789289403973878,0.657861900481266
2605,"VALE DO S.FRANCISCO E ARARIPE",8531.98933753873,12105.0488254191,0.778199672411615,0.925958751962887,7.678511645016,7.04145639399652,35.5480454522256,22.5929782824327,20.7971958331207,0.581100268723552,17.9587909770132,0.632582874920393,0.552846916336217,11.1316075815102,1.8729067078813,0.629307401103742,0.528026030236392,0.776131580232065,0.61142016513961
2606,"SERTAO",6923.70499442113,10015.894206064,0.542384919226597,0.639188505163318,2.4151490380627,2.16204504562482,41.0187152545344,26.0191806783265,26.3718667125642,0.546670900755912,23.0471728816746,0.570915947824165,0.481384788526296,15.8218070119058,1.11874481271141,0.602478444886766,0.502385775492499,0.757647785169086,0.57638111757092
2607,"METROPOLITANA",15389.2150659545,22171.7938472977,1.57721852343722,1.48661573223107,21.327323935465,17.8420292447592,22.1048152803414,19.118379854505,14.1410048479663,0.565931237342978,8.64862355681928,0.619012619657896,0.449674199852039,8.69006306466197,0.20064563888536,0.693974702022882,0.616313837347462,0.802448183367085,0.678447923501147
2608,"AGRESTE",7929.76538248874,12206.2118608427,0.638708660995519,0.69439388269335,6.39662921672786,6.10692517471307,32.0540178756091,24.7318317457007,26.4184402343076,0.524796171677409,15.7988317098059,0.518006539690245,0.442465465501396,14.9063493680521,0.562167196827128,0.606583757661118,0.481855965572901,0.765082644637517,0.607055364591435
2703,"2ª MACRORREGIAO DE SAUDE",6296.80450094858,10111.8810612496,0.648304331225215,0.67883133539857,3.41113175704625,3.36749486755519,44.565330084066,29.1969878045336,31.5819781862738,0.559955322574518,25.6805821214326,0.594626972230258,0.483831262120225,26.950847760723,1.50696947383492,0.577932733543523,0.458045672854495,0.751342009734166,0.56281400769266
2704,"1ª MACRORREGIAO DE SAUDE",11160.2965506892,16761.543988095,1.18394727220171,1.09884827688937,12.8737595286171,13.2258744537197,28.9507077749987,26.535829746953,21.3716237264191,0.567166559763798,12.2216868078676,0.608489875589896,0.446306621307374,6.24297055928429,0.786804892155463,0.644476014673792,0.542710721792568,0.770957372262216,0.643361168516015
2801,"MACRO UNICA",13684.5334976209,17498.0851998554,1.24875123340148,1.24254760658878,12.4614882083305,12.2028679009713,27.8703509110418,22.1038668154082,18.7179923037383,0.537591011099038,11.6920523235544,0.547843107672713,0.453732981885545,11.0003010903682,0.818267021015785,0.652949002837017,0.555824674555383,0.78394578526192,0.643814268451371
2910,"SUL (NBS - ILHEUS)",9549.00609008295,12898.8278885092,0.659011762532424,0.674137653960365,5.47002411524677,5.3471079937444,31.2238954674576,23.6866974262151,21.0171681000935,0.539055712142677,12.9944863478673,0.539978885290659,0.432847091448788,10.6634357805936,5.47399771420995,0.623119306700974,0.508310486890466,0.773850703659965,0.617854328147135
2911,"SUDOESTE (NBS - VITORIA CONQUISTA)",7135.39550711766,11001.1738690973,0.625645426650031,0.682338929520221,3.83648294762276,3.86377195968463,31.1719427479886,23.4997645338843,22.4288361628457,0.509218601682337,14.7283294906408,0.49191580807423,0.432638685998637,10.9436310628007,5.14492328108445,0.611911686126531,0.495128967799997,0.773711476567789,0.600723144272863
2912,"OESTE (NBS - BARREIRAS)",13249.4794172203,21144.1051839981,0.502926166980833,0.555608021527619,2.53528938793294,2.52255280068993,37.850258381489,22.8375579208593,20.5631462530921,0.565325491564624,22.8553221728405,0.611822629592755,0.467246223098092,9.2781047348271,6.1164465246344,0.624141452916885,0.532542699206129,0.77748887771243,0.589955225735964
2913,"NORTE - (NRS - JUAZEIRO)",7950.63773818091,11553.2818467753,0.631372298411909,0.670543754540067,5.29110382796402,5.38724867551474,37.136631878026,24.800628880407,21.8293237261349,0.556576774156748,19.8908497482806,0.585647050030143,0.509899027052331,11.4594738234493,6.91601909703611,0.612670272726289,0.507452749636853,0.766734431411271,0.594119329430265
2914,"NORDESTE (NRS - ALAGOINHAS)",8911.19063727201,11641.4855016296,0.596837588998375,0.576756144770699,5.16295951327948,4.37799540276168,39.2052328067766,27.8010183075506,23.8374976114973,0.545275855157752,20.5623169644559,0.564050199748915,0.456567171336492,13.8464198772611,3.68172827999523,0.59407119398085,0.479230986964985,0.751590185805224,0.58501884857569
2915,"LESTE - (NRS - SALVADOR)",18249.0015861458,25312.8568843566,1.77409701614278,1.64298155063376,21.3251873560257,19.2649974620256,16.9990462047389,16.743162444546,7.51988893321682,0.597217948948025,6.92933663860202,0.673098352335292,0.528587026394754,3.58763772681446,0.579241707033463,0.722505150016312,0.637958994743689,0.819952061409987,0.723197297805951
2916,"EXTREMO SUL (NRS - TEIXEIRA FREITAS)",11421.54489838,16872.171948372,0.757590753770872,0.731430728373967,8.61522921597648,7.36679611261761,24.3063570795284,21.6954801856339,18.6714186680979,0.550196328363628,9.62065200748218,0.555063430175505,0.432965433053672,10.3470171374601,3.77585589958511,0.649273169377774,0.536437731351765,0.786321048505274,0.650019806473509
2917,"CENTRO-LESTE (NRS - FEIRA SANTANA)",8312.46512469288,12861.7696990827,0.63004643106836,0.627296104443087,6.01805901034933,6.21351595956769,33.5216816892092,23.8711440801143,19.6570146854607,0.553457202194813,17.3180319929165,0.580480279755738,0.479305928987868,14.3430233053533,4.0490350085446,0.622163321422683,0.51465171973721,0.772114958430272,0.608662763855543
2918,"CENTRO - NORTE (NRS - JACOBINA)",5401.83435636283,8521.27438701989,0.400333620506401,0.473721977930381,1.71500982064071,1.75584897214223,41.0438184616462,28.8405215927847,21.1725827452211,0.532357164250901,20.7426817918374,0.533515318578988,0.509401376720739,13.3754927630752,3.5642470110327,0.598196987240244,0.50485394286959,0.743701136980991,0.572110048194302
3101,"SUL",17909.4108883597,26409.0436886543,1.37541034832577,1.32083379599537,22.3520637947278,19.6047855287696,6.92830581571511,13.336291726226,7.45358811737014,0.479761814902221,1.27035160311677,0.408345925148921,0.357807668006958,0.42205319427711,0.188242672006442,0.727832321938944,0.63070993621454,0.85553514808785,0.71596963868658
3102,"CENTRO SUL",16675.2117969374,22403.9770846876,1.41211572918845,1.4005435240467,22.0497099158858,20.0815965543886,12.3040515193079,14.1848113217736,6.80979589109151,0.501597338848598,3.16795311934681,0.457841932034798,0.376236182586955,1.32751075962696,0.344780784413256,0.720456385035343,0.633279203544602,0.848211913350577,0.697758424099404
3103,"CENTRO",27530.427186976,33597.5441556681,2.40390441665031,2.36157092486697,38.2632617800619,31.7898700825794,6.71718448310316,13.9432412967696,4.8393490852419,0.522882716795184,1.63567628035353,0.507671993057629,0.405086358247802,0.883607239515417,0.218259678184502,0.757810093004988,0.680062773840615,0.846557039010344,0.757715072924852
3104,"JEQUITINHONHA",7001.13392417137,12047.1194937647,0.620404474999046,0.719792104845389,5.01625040614481,4.89889983275498,27.8392184968059,17.8244107884552,18.1054546465742,0.511619153072394,11.7566269772051,0.496701274865953,0.396382292938562,8.44424181752454,2.09819875572274,0.645360046616157,0.539735728857778,0.8083974482457,0.617690609271155
3105,"OESTE",16899.4681473744,24039.4743078265,1.02142503186755,1.05348483123078,25.8305000197348,25.0684912599769,4.81113312979353,14.0322201113119,6.27578832203224,0.44883979735261,0.920896836552042,0.355644634254754,0.323403671267765,0.388032760298411,0.119941100453588,0.726669818444551,0.630910930739831,0.84939584888628,0.717822735018972
3106,"LESTE",9858.73607647411,14271.7456820428,0.981281536051431,1.01530430004714,13.1929972785189,12.0308402144138,18.9502401840179,16.6932569784913,14.4151403929386,0.507496468102174,6.54884803261318,0.465911828265958,0.393956084741603,3.14461428981915,1.10836272590677,0.671376227933121,0.562529042376788,0.817365760944394,0.660207244580931
3107,"SUDESTE",14842.4322126996,20486.0655289883,1.93997036031083,1.90605055495078,24.0544326827872,20.8554276488536,9.53091320965716,15.0255119386828,7.35443567638919,0.507486704300581,2.36394554188752,0.462978326031231,0.376902663735613,0.486553490456203,0.322613897484604,0.724209612477915,0.630068544021978,0.841829365687266,0.718621482352401
3108,"NORTE",9585.81592558083,13616.1860580646,0.868364716578634,0.970830673620247,7.09434076033085,6.85961028502748,26.4785610156597,17.2903310086857,16.2024715209535,0.512925334432258,10.8795844037279,0.49148153173144,0.403814404361884,7.83889937234515,2.19332751537437,0.670429795219679,0.594165754136816,0.816334420211754,0.624591318075192
3109,"NOROESTE",17613.5980579205,26898.0605451575,0.919169679242182,0.971483355947372,11.5797123990538,10.7860413440814,10.5668762424306,14.9878394190096,9.18912748830699,0.503427209267422,3.59241726063398,0.455419876438463,0.414473745470584,1.94034587428823,1.65584572573259,0.719986936292602,0.632376109189928,0.840546399899533,0.703497119245766
3110,"LESTE DO SUL",10588.2238379704,15515.8684531032,0.869858985761072,0.883255123784417,11.2659794672631,10.5356762756348,17.6233351256284,16.0760516841816,12.3828297885442,0.499304309167889,5.63536398358098,0.450543621106827,0.388362212813508,1.40757981595433,0.503507456297789,0.669393640556733,0.548275991907638,0.826795502641132,0.663572991215251
3111,"NORDESTE",7378.84231232006,10618.8456278365,0.637103339971121,0.658694667940157,5.75389179842503,5.87087050624562,31.0052707078857,18.7749059026865,22.7625784082596,0.52616704725036,13.2030708231094,0.513714891616919,0.419346691389186,7.1519241620682,3.38710656466777,0.624853314285644,0.500713577770458,0.799626845399132,0.611357615436524
3112,"TRIANGULO DO SUL",28627.6531178602,40545.7240100795,1.82574034508631,1.8102243581895,25.2926743856402,26.0186313736448,4.18613668151307,13.3737516695041,6.06255768029211,0.486437851455693,1.20379792838186,0.414744501384327,0.364495078903774,0.464854803299456,0.293812846440015,0.748054256733905,0.656492861974285,0.854089408035402,0.748440502599554
3113,"TRIANGULO DO NORTE",27948.8668641406,40307.0947951865,1.84062645910457,1.73569610482175,26.4157102362675,23.6041680334439,4.10120407550473,11.9479538078928,5.90787433012199,0.492883635043505,0.987633131627742,0.423901629082248,0.40098016363769,0.496245748320958,0.212128138184446,0.75915829817481,0.670607144008292,0.870294191591472,0.751226811066834
3114,"VALE DO ACO",18647.2720810026,23709.4078865625,1.03489050739804,1.08146070243191,22.2013524357754,22.1913706409348,11.9040842615765,14.8719515481911,9.03256993218736,0.489600518634772,3.73557601224937,0.437018066797813,0.362862269830322,0.861415192123075,0.417524411404355,0.718403951211614,0.634968305652839,0.841726059357418,0.696407561766367
3205,"SUL",36168.0657382966,37081.9755569281,1.30949700860881,1.27263740715714,16.3322463846423,14.8527720981435,11.9889469775231,14.0705381491059,9.91451887724657,0.497836287047078,3.40469905164614,0.441886329074938,0.37949106186116,0.731782029400253,0.259935819286617,0.707534356973737,0.614274217351411,0.833890783707306,0.693039770867955
3206,"NORTE",13271.7532202521,16267.0282388825,0.827689421675247,0.869083092196852,12.2668781670882,11.3290702128025,16.207865385165,14.7459511356048,14.2405403769153,0.51562114633595,5.48291383122738,0.486912885431364,0.420515952512725,2.18140713140588,0.506986392489756,0.694664400913577,0.599741093537667,0.825623874593684,0.677722886964385
3207,"METROPOLITANA",28572.1003471265,32422.38552997,2.21918369578785,2.04380803687652,40.4211073508627,31.56880904002,6.93424082343999,12.7258375482396,5.79745686276637,0.514174413155364,1.66415283097541,0.483023256775239,0.404934155491934,0.754577147897094,0.0688307542705797,0.755966420256764,0.677182672459805,0.846597587156717,0.756022913692465
3208,"CENTRAL",23315.6929018063,28181.1912366677,1.40564631091298,1.34593378826047,21.5517781581696,20.4708051303406,10.8732736276085,14.4625889634554,10.3222233424704,0.510329633013712,3.37929424367497,0.467894686172987,0.390583964348103,1.26002980910272,0.181763603138095,0.718649523369426,0.632608627310949,0.829141984449556,0.707949903903715
3310,"MACRORREGIAO III",59039.4699830411,49804.680624282,1.79889108176803,1.67653228440536,21.5646173398775,19.49827349748,10.0973276700094,14.9628402854913,7.10188943304119,0.525294489415386,2.81399255673298,0.498413382933451,0.392974171148567,3.62182797084865,0.141307949467669,0.723342021477378,0.634293712269855,0.823639894589821,0.725290499707284
3311,"MACRORREGIAO II",26999.3852355992,39254.3815250601,2.35472238131818,2.11687992415346,37.9711033061047,32.4687173258226,6.64392543989242,13.8240138977339,3.79657074945636,0.54609543963467,1.84694350441606,0.564082555779849,0.426794349781508,1.47764320196546,0.0594178297487919,0.762259569848737,0.682707013556526,0.836859391669438,0.777043304862156
3312,"MACRORREGIAO I",32555.7665074387,41218.5766080719,2.11897970626202,1.95845459553569,26.6716103374366,22.2139042933271,7.62471095396194,14.6476730200191,5.17730575355913,0.500454139645878,2.0240777084491,0.448608209618319,0.361417156308267,0.857838402757601,0.222446158229223,0.734143389062681,0.656933841968232,0.826330879013627,0.729711233219844
3518,"RRAS9",22225.4191313897,30783.6171339199,1.69541498354833,1.69013971812481,24.687281990813,21.4230165566475,4.29843835769899,12.8893436938908,5.56185215893164,0.475004010161127,1.04135900451982,0.408240324062875,0.334738502409482,0.379582894000639,0.188357360446085,0.76204695612459,0.695993104246339,0.849948297543492,0.749080070884137
3519,"RRAS8",26925.1162677893,36527.4116152538,1.34494167206998,1.25570203579848,28.8953569778574,26.0701054287925,6.59221824543383,14.2317334294539,5.18983059416429,0.487328347189677,1.75917464253487,0.428256187205085,0.349802025487112,1.05160276163879,0.187383188528303,0.756507129240273,0.701308356694736,0.838266077014163,0.737883361063853
3520,"RRAS7",23476.2140312167,32300.669319344,1.76295961506131,1.68048244401156,36.1515569618991,30.6384821386483,7.24109872415882,14.1142615376358,4.79490897465142,0.502023076819862,2.04377081718448,0.460573328612965,0.346644953661605,1.14336048061054,0.312151889196584,0.766584873215799,0.710749387676743,0.844520863373212,0.75169482149474
3521,"RRAS6",43353.2171861777,56043.2342465081,2.75358551771702,2.64942404206273,55.1840972896942,44.7690563840288,4.27,13.15,3.18,0.62,0.92,0.72,0.55,0.47,0.03,0.805,0.725,0.855,0.843
3522,"RRAS5",55488.2862381324,80025.5781812433,2.00636308282395,1.77448460575921,43.6531386683836,38.2095561612269,5.63472745584931,13.4036185971853,4.12001987453324,0.521933371211855,1.6718140421761,0.504193555741051,0.381333902680256,0.913125322961165,0.0471295445458435,0.767715631671121,0.705881377094717,0.846211287331972,0.758845823308385
3523,"RRAS4",23574.1044353735,33249.795663923,1.24564595334127,0.965607735224236,29.7715073284463,24.5828947597046,6.15708606299101,12.6700590477387,4.95706023720413,0.486216689395521,1.70175266819183,0.427633500777104,0.319961519678865,1.38469133676056,0.11526559324335,0.755235793790869,0.694232959945208,0.849420010982798,0.731086077175435
3524,"RRAS3",23427.8309361911,38672.2568689078,1.34770955885765,1.1772724064537,28.9422594544301,24.600968625011,7.15709868160525,13.9329857536099,5.67016407977979,0.450606210460231,2.01710086444198,0.367335162022504,0.26856017771768,2.1352582991259,0.16041023808374,0.739544712416091,0.680314794031004,0.841797137199981,0.707047954797894
3525,"RRAS2",26014.6666331128,34921.4717735123,1.49160429732006,1.26699367587956,35.1359512447314,28.7043855295054,7.35957376079263,13.4878279253335,4.55645703651897,0.490883265965622,2.07263902732212,0.439480628545064,0.333231472753149,0.945022019799988,0.147794919096803,0.758005864313283,0.71145142373183,0.840933182267482,0.728545504645913
3526,"RRAS17",31200.3640123472,42929.0612818165,1.84467720071501,1.70317230542997,35.7405198080844,28.4011627006948,5.67233502782397,12.6157014855643,4.01696175120132,0.521682562083976,1.40155993524667,0.487451538774721,0.395349016203346,0.788003889438902,0.237646341904995,0.78025218471832,0.731300520976387,0.85444336821523,0.760874568244904
3527,"RRAS16",45149.9401015539,66716.4765670363,1.77391078452032,1.80619091160928,47.9584130999044,39.7063077095671,3.32062599349638,12.4706211969205,4.66071850913456,0.487513428171052,0.819606115948032,0.428575192826833,0.356562316486145,1.42741657320068,0.0584687895325266,0.777330597043695,0.710303417044789,0.853202353639436,0.776175469504088
3528,"RRAS15",37339.8707266875,52311.9052978372,2.24245124174837,2.08022450974628,43.3202449070503,36.7551561816847,2.96688726319075,12.1897249229875,4.14263856010007,0.491898172837419,0.727791235537808,0.432733652330751,0.36376174697424,0.367847997676077,0.0337269043918238,0.783538003019799,0.71790310575366,0.857613908254912,0.7819403020666
3529,"RRAS14",31114.2485488383,43986.848775475,1.61332578716665,1.47516880025462,43.5199324720934,38.0855126376321,3.31175949890414,13.7487246846913,4.41017380913277,0.485799202029755,0.779484512071494,0.421976109031392,0.345285604254331,0.27334060133769,0.0561432028113018,0.774449953418699,0.711706570370328,0.852262933744117,0.767048499062711
3530,"RRAS13",24970.6870141553,34963.0975200001,1.95669812078098,1.83781553703655,37.1835745763204,31.7235873475266,3.4991609944003,13.8973507371527,5.17800463517289,0.477859862365903,0.77819263633395,0.407486865498349,0.349105384420014,0.142666615265532,0.0759751188273285,0.769906531572391,0.710002903861737,0.846890259182662,0.7597323715274
3531,"RRAS12",21449.6141884803,29924.7528226094,1.83324994358946,1.78985456052005,27.1752669126457,25.6624794190629,3.03469880397465,13.648881224984,6.05853525441883,0.456543145503797,0.743435048861956,0.368658159732201,0.343624215019976,0.254676765686143,0.106946946618165,0.767764558910339,0.712468158755966,0.845605807962615,0.752153058217394
3532,"RRAS11",19317.8858983939,27431.7784701492,1.59017869058666,1.56866330496604,21.9250625374128,20.0306574979044,5.52662463721559,13.6719236712675,7.06417438852826,0.484403122715289,1.56291670359129,0.421144654053216,0.396779526774043,0.487002126858232,0.115565777521767,0.763344733810399,0.717795683142433,0.842452721713893,0.736138337173494
3533,"RRAS10",19877.7098532646,28353.448234833,1.63393544265145,1.59671882409795,19.2287231836898,17.4225447431862,4.72215895987301,13.3667639235199,6.35668624720144,0.475576961235783,1.02713083391364,0.403697061422228,0.365812517315482,0.200343239661253,0.0712879630253611,0.766709895470644,0.722352151986881,0.846703087210129,0.73775627943632
3534,"RRAS1",38442.4026856436,43020.3310623899,2.32657309574616,2.12081330269095,53.6491441930056,44.6165983334072,3.91966880385431,12.7906009968142,3.29231395179295,0.497338625217926,1.03548965087986,0.44750135615648,0.365557423428113,0.428987315625431,0.0245433201846254,0.795450981214489,0.751638910402739,0.857201893680468,0.782727431361236
4105,"MACRORREGIONAL NORTE",19489.3572474174,28883.0105158,1.40887104659926,1.40862863989007,16.8269447377543,16.3194234077933,6.51257213501156,13.1481204234098,8.35268731253169,0.479701044450938,1.8770024086186,0.412467039955996,0.390498101681951,0.736976732443512,0.338558701752426,0.733457594024219,0.652855769726608,0.82807828332746,0.730939417118596
4106,"MACRORREGIONAL NOROESTE",18879.8805075568,30133.2171807932,1.14607852706031,1.22100869973712,20.3439056082243,19.9172705191114,4.56357741827313,12.9128879786679,8.35407934901976,0.449351013310686,1.17233669317434,0.356670046865691,0.354580795783355,0.648424952091441,0.151303406664446,0.741017650976782,0.669406929484823,0.832865886570508,0.731312582176287
4107,"MACRORREGIONAL LESTE",28541.8004962218,39100.2988407213,1.80128994292662,1.75693353803236,29.1663655911433,26.8980123226353,6.74634304999217,12.3259753275961,4.65749731865132,0.509384089012784,2.11951480576006,0.471706398712953,0.399673299041907,1.13308609446979,0.510978456502211,0.753370067477278,0.670424454898996,0.843599935783497,0.75960084588359
4108,"MACRORREGIAO OESTE",22459.4119652658,36712.4805941379,1.06863079481543,1.16436703777914,15.7803090744309,17.2574988509847,7.39838332964237,12.686983954067,6.9293301167648,0.498657096208292,2.3706498488875,0.450680055103955,0.413540608227815,1.06783129678843,0.384128036362531,0.740301336998246,0.660365088127247,0.836427194062321,0.736103334028103
4210,"SUL",20511.0800792684,29832.5251098684,1.23982812785215,1.27767489892333,17.0324672046225,15.2315693105936,2.93748833147541,11.7267494737724,4.45592789717364,0.437977191107994,0.825714451107972,0.339260602010967,0.317003132556424,0.781089382056108,0.0460119722976601,0.761556010571964,0.688865637476886,0.856178471916703,0.750251441405979
4211,"PLANALTO NORTE E NORDESTE",32047.5352468001,43423.1422477559,1.56239151128307,1.55313069324418,27.2313540924262,23.3151207669309,3.5457153173636,10.4306556557866,3.02265666173235,0.466535702894343,0.87679198187662,0.382641359907747,0.337516082863756,0.995703066089815,0.22445266739182,0.780739348834166,0.714880730005807,0.872781695877258,0.763438115528367
4212,"MEIO OESTE E SERRA CATARINENSE",23260.0351927266,34332.6850860136,1.14799719665062,1.16320878806051,22.4521598445687,16.08539318659,7.12665171791141,12.0773245371351,6.39052002996582,0.483519663362684,1.8348260798284,0.420782424453568,0.359278941723763,0.641047335068436,0.380370633494775,0.740770229775917,0.650902814874524,0.852794068087994,0.733679789237352
4213,"GRANDE OESTE",26064.1665864681,33941.6729210562,1.13263093890785,1.24443751481461,11.2597090155867,10.6812017752114,5.75411565614449,12.2279592440981,6.56702467519415,0.463885066400828,1.95717388351809,0.390043352718916,0.390092708539888,1.7624666909326,0.491216157851704,0.752868561944679,0.672896280793061,0.851347382674667,0.745843555357565
4214,"GRANDE FLORIANOPOLIS",25347.5931116884,35591.7694046371,2.41305287374361,2.25376073322663,30.5865536867454,24.6518870517021,2.00349014505554,11.0033265068418,3.36794655973476,0.467109588405041,0.554176113602303,0.399143537110527,0.358003789641318,0.26989323604348,0.0746258914696518,0.800787637826469,0.733360515810095,0.869618011860906,0.807125283408069
4215,"FOZ DO RIO ITAJAI",36789.941288516,54015.2851959466,1.48175830528386,1.57366498928801,21.4320281931774,20.0585041642946,2.48787707626844,10.0592630192021,3.13664000907186,0.452408651388499,0.523926388318898,0.366321341915603,0.319055554355574,0.584267753130152,0.065640340266828,0.783351502257166,0.701953976499557,0.880506499701205,0.778692129079638
4216,"ALTO VALE DO ITAJAI",28518.8294405766,39505.234046439,1.62882949909442,1.58921897368181,22.4248284968108,19.0130152432381,1.98574950713506,9.96275147859482,2.95772664845434,0.425418748304609,0.626093732979339,0.321541529878402,0.277771470862765,0.517777312620546,0.0398103724841461,0.776748416744806,0.684707722013495,0.878302375576967,0.780074763819976
4308,"VALES",23722.5793820798,35272.6302558257,1.29174101689227,1.3798725514066,14.7692536283137,15.5618619592097,6.20136115586386,11.8095964630866,5.66917076476782,0.460384635227958,2.08153659446035,0.385913577554366,0.35380928762221,1.01562853966892,0.294185234172184,0.728373147646553,0.620167479251531,0.844601346803716,0.740428010609333
4309,"SUL",17604.0235539513,26894.1022592883,1.69623761061627,1.68505402277632,12.7095169398683,12.4352863056888,9.75073084535192,12.2030332660643,5.87756753337991,0.519109071200743,3.20650395927272,0.498441035151803,0.431212720659639,0.904095001138449,0.398005485962048,0.714899225854664,0.596480581173361,0.842693832136178,0.729263497432165
4310,"SERRA",33341.6616621876,43493.6340165995,2.11669911204258,1.9508484482281,44.7447843331904,36.3616343757729,2.2162280031315,11.6685702929325,2.98338788689832,0.460787471408366,0.569855005706718,0.382478786702464,0.329378975316702,0.216748192098633,0.0807403132055041,0.76753743077876,0.672642857872532,0.85234563210844,0.790094599652118
4311,"NORTE",22642.5047547604,35436.2367705854,1.39667670841108,1.43727434841659,11.601106486264,10.5049973757292,7.74680824148432,12.3963880711167,6.5875167874868,0.48884836388884,3.12250003525476,0.442354146913633,0.414177390334887,1.74335139206527,0.454474733121473,0.738764815086714,0.647893086832057,0.84128088171738,0.741477547695542
4312,"MISSIONEIRA",23381.3869410082,37857.537585055,1.14978596975245,1.13751419456122,11.0214431387294,11.2481129485225,7.4798732689055,11.7771228865952,5.4284869744218,0.501770181369381,2.59681993238906,0.461185905304148,0.443046771363773,1.26465478332744,0.451101414154154,0.741003532570139,0.65101748830547,0.848804177148764,0.737257754875442
4313,"METROPOLITANA",27115.646142313,38201.4551824733,2.23007406312474,2.23792054905762,30.574808117109,26.5269713763904,5.06742939577231,11.3370421535546,3.5356889700183,0.508435761852776,1.3256855473712,0.486472033716632,0.385322634631668,0.625993637370217,0.177970510455357,0.751301683157341,0.639480986516021,0.855947989782525,0.776842025534198
4314,"CENTRO-OESTE",16189.9891807541,25917.9732098088,1.46141245348549,1.41063663776058,9.91682982805656,9.08823080531962,10.1381061428919,11.9686703269948,5.30687222804673,0.533512811976726,3.25754959082169,0.520395206129476,0.445583368528796,1.29345220290474,0.578116100309555,0.734760999120527,0.641383120090233,0.846134440044321,0.732923579304074
5005,"TRES LAGOAS",34573.2179913854,60876.4015200921,1.11761966025963,1.1236140556288,17.4633157087109,22.5377450422411,5.78179951934688,17.6608816460984,9.02454684388276,0.496979249563493,1.6619925724444,0.438744719348466,0.391398803514232,1.18727793548796,0.346608782411422,0.719477754946095,0.612574000388007,0.833431035779755,0.730486785998503
5006,"DOURADOS",19592.5682386442,32010.5747534553,0.916553426259879,1.01703979404161,13.3637621030772,18.4725759416836,13.5747732250417,18.9256479236388,10.2460112245214,0.524531159233746,5.78355164182886,0.502354763884752,0.433579500961659,6.38106217829576,2.91792273572102,0.697417155133722,0.587198080186321,0.824047177224249,0.703005282048448
5007,"CORUMBA",20374.5521735973,24161.6931251036,0.900740912465127,0.880188139579043,14.9796259463734,16.1160904420734,16.2722554330198,17.9488424424262,6.40408514433993,0.545227781381771,4.47680360038923,0.552046302302952,0.438864823224132,10.3391037950049,2.21503357119689,0.700636295815764,0.591090366526111,0.832091112552708,0.698772964644827
5008,"CAMPO GRANDE",20768.8519520389,31120.5163868887,1.77143797325494,1.72049808305452,18.9831457276213,21.0409972747668,8.09709298639407,17.2363845719299,6.27553468190723,0.547422475029748,2.58740614370365,0.546175479873556,0.477442141732473,2.48214581154822,0.625953158992296,0.744391780550247,0.657594926771956,0.83789725913172,0.752343642952439
5101,"MACRORREGIAO SUL",30585.4538122553,44822.1746312814,0.88413107514605,0.902794529188211,12.5295083718312,14.1512076686545,7.19981969817842,16.1729282085393,8.56800037125513,0.500449638578712,2.80507503552337,0.444688444021135,0.396880838152652,2.00750808253355,1.16983974153571,0.731233985755294,0.651129344845189,0.825304504341254,0.729036851491319
5102,"MACRORREGIAO OESTE",16384.1867645097,25352.9754269858,0.68869981736126,0.745361362407682,7.36401360039346,10.058331696957,13.0918421980526,17.2334908730912,11.5656964862079,0.523602111530012,5.09752488540508,0.49243297214462,0.403877410561719,6.71591377580081,1.743951490412,0.695618995633188,0.599135164365727,0.81462966855624,0.691568678971494
5103,"MACRORREGIAO NORTE",24795.4194164052,40667.0075153671,0.753947432698071,0.894366067397471,7.21903938425955,9.87055012853217,8.99002991646057,16.3405385894397,7.87410620886875,0.512983728364127,3.8465852386253,0.473278219978358,0.402951374496023,4.23640681107918,1.36678425217387,0.716666812600621,0.617734378468842,0.823691636897693,0.725122342333111
5104,"MACRORREGIAO LESTE",17650.930723209,31466.2573845095,0.65844271805614,0.674415510793952,5.93969098164403,6.27172206601853,17.6852311849614,17.0272759315206,11.3008333669016,0.547169251426653,9.61963692514266,0.538051997314535,0.412610674723061,6.54314874118832,5.85595820745216,0.685812084592145,0.578499459550185,0.816746545820745,0.687578086606244
5105,"MACRORREGIAO CENTRO-NORTE",21845.9417312462,33871.1557708942,1.45332457963437,1.38950255650452,18.9044815340919,20.1670777478624,9.00538009131823,15.622518861138,7.59120831673632,0.53588574520074,3.93923353031753,0.5159638353656,0.407931814533629,6.01992562558337,1.75570922486519,0.734842406942801,0.651345582421241,0.829982122048953,0.737534717722038
5206,"MACRORREGIAO SUDOESTE",29510.5578951902,40340.6527196551,0.907479435364881,0.856573441850962,18.0620434235298,18.6362295085396,5.06970629884547,12.5945149554465,9.26017124623232,0.520501449873212,1.53504776001955,0.483298933870875,0.464241342792319,1.64806542022057,0.561822923076123,0.731658320434979,0.622780522301009,0.843248870346843,0.746444978481559
5207,"MACRORREGIAO NORDESTE",9945.56759741456,14137.4366509784,0.653263916421205,0.578215614869171,8.44578276060255,6.59112419671702,14.3177103702802,13.1928270589193,9.07175091968524,0.495842409726295,5.14443078322143,0.449705581787259,0.330123993972757,4.48036761793059,1.5470971339488,0.694247407910254,0.598506805350597,0.82884642148436,0.67643248581704
5208,"MACRORREGIAO CENTRO-OESTE",20436.4707071571,28413.3688146464,2.28624975956889,2.13682063121431,18.932405497365,20.7312263588891,4.84465109703604,13.2966430478063,6.26279332604977,0.537726608446825,1.1833153872171,0.522564828175224,0.470178893401238,1.92521388613795,0.22414870635641,0.765024786663779,0.693587633677315,0.833476035048702,0.776602713573464
5209,"MACRORREGIAO CENTRO-NORTE",20385.4052968493,25963.2252938302,1.07618502405817,1.03423865916717,9.15809469187628,9.04526048264084,9.59330869142581,14.3108267820769,10.2249275445855,0.495218323653398,3.21839240129153,0.435432011684309,0.387489925214562,3.7623758615468,0.969974638406792,0.711967493002604,0.622917514251242,0.825685848406841,0.702793275660784
5210,"MACRORREGIAO CENTRO SUDESTE",22107.0280964077,31077.4580081972,0.957678569890275,0.973800499733375,11.0613220117192,13.7984453262152,5.68200070259066,13.3117215383071,7.42890089170067,0.475474782411973,1.37983370427784,0.396154009148017,0.346287804077575,5.31446606295913,0.162119107439017,0.721437713983466,0.627529518366931,0.833252602851467,0.719035593944019
5302,"DISTRITO FEDERAL",58290.1286872571,77853.097506431,2.74729104575431,2.4750745161629,26.7514570137911,26.5030642310445,4.93,14.01,3.47,0.63,1.19,0.76,0.63,0.72,0.09,0.824,0.742,0.873,0.863
