macrocode,macrorregiao,mpib20092013,mpib20142018,med_por1000_20092013,med_por1000_20142018,mpsaude20092013,mpsaude20142018,mpobres2010,mtmi2010,mtanalfa2010,mgini2010,mexpobres2010,mitheill2010,mitheilrt2010,maguaesgruim2010,msemeletric2010,midh2010,midh_edu2010,midh_long2010,midh_renda2010,om_tot,nvtot,pop_tot,tbn,c,rmm,rmmest
1101,"MACRORREGIONAL II (CACOAL)",14680.4,20628.5,.65462,.880205,5.73184,6.12383,16.0961,18.1776,9.87217,.531541,7.20028,.516288,.444164,6.69948,2.31177,.680065,.57225,.798739,.689705,16,59929,3.9e+06,1.556507,37.94891,26.69826,63.32311
1102,"MACRORREGIAO I - PORTO VELHO",18498.5,23837.4,1.0855,1.15255,13.2142,10.4276,13.6418,17.5968,7.76281,.543563,5.66838,.528851,.442346,17.6091,3.1147,.692478,.576855,.806044,.717392,66,77879,4.7e+06,1.643404,50.89379,84.74685,65.34982
1201,"MACRO UNICA - AC",12492.1,17142,.981244,.930471,6.09736,4.69501,29.4274,22.8941,17.1469,.600082,15.5733,.647181,.465812,28.0718,8.84085,.656539,.55796,.78054,.65565,45,86152,4.2e+06,2.041615,72.53275,52.23326,84.1916
1302,"OESTE",5464.22,8445.9,.305181,.369787,1.24777,.568001,55.4624,23.4564,23.7376,.625515,33.8581,.67555,.488279,39.9914,15.4437,.550282,.412064,.763088,.534621,41,61260,2.5e+06,2.44415,66.19597,66.92785,108.0574
1303,"LESTE",7280.33,10181.3,.352507,.356708,.868971,.781416,47.1435,19.8788,10.875,.606267,27.8058,.664652,.509343,38.6239,15.6095,.611086,.512302,.784876,.571132,38,54962,3.0e+06,1.844181,43.08183,69.13868,78.38477
1304,"CENTRAL",23858.6,28008.8,1.11561,1.01672,18.6665,16.0011,22.7665,16.3306,7.86464,.612195,10.8274,.673419,.482346,13.6813,4.77856,.691949,.596484,.810938,.69024,223,275153,1.4e+07,1.928289,196.3682,81.04581,71.36691
1401,"MACRO-RORAIMA",15830.1,21588,1.16994,1.14239,5.94609,5.24259,26.6357,16.2219,10.841,.606616,15.6415,.674138,.475743,12.4485,9.24856,.696991,.626153,.809357,.675568,39,58896,2.7e+06,2.210215,52.36866,66.21842,88.91718
1509,"MACRORREGIONAL IV",21244.7,25843.4,.416677,.446062,8.41096,7.65664,28.6552,21.4691,14.6012,.555169,13.2142,.538372,.393783,30.6293,6.076,.624681,.496985,.783199,.630107,93,151623,9.1e+06,1.671056,92.93904,61.33634,61.29613
1510,"MACRORREGIONAL III",9325.84,16397,.303494,.403238,3.21028,3.24218,39.6433,20.6043,13.0833,.5903,22.1762,.629023,.493395,38.199,15.6312,.61669,.505185,.788102,.596246,99,129700,6.6e+06,1.975768,102.07,76.32999,78.69697
1511,"MACRORREGIONAL II",7311.46,11340.8,.309805,.333518,2.61395,2.33476,41.5461,23.3927,16.3736,.560341,20.5723,.562265,.470004,35.1668,7.67764,.588779,.463857,.770675,.576026,57,116799,9.0e+06,1.3032,68.77407,48.80179,58.88242
1512,"MACRORREGIONAL I",11159.2,15808.9,1.03558,1.04057,15.9856,15.1551,26.56,18.7803,8.44536,.573684,12.409,.599982,.487263,21.5516,6.47263,.671232,.577572,.803595,.660991,290,296690,1.7e+07,1.738692,219.4906,97.74512,73.97979
1601,"MACRO UNICA - AP",14340.1,18813.1,.865697,.802072,9.51544,8.08706,24.0793,15.9571,8.54828,.589341,9.94219,.648465,.490296,21.5348,1.7391,.702498,.626142,.806741,.686998,61,85751,4.0e+06,2.15424,74.28949,71.1362,86.63396
1701,"MACRORREGIAO NORTE",10975.5,16573.7,.850093,.892511,3.0588,3.42759,27.0481,19.3914,16.5509,.546105,12.6947,.55243,.446678,11.7271,5.49572,.667705,.592265,.792482,.637448,22,51403,3.3e+06,1.573094,34.2982,42.79906,66.72412
1702,"MACRORREGIAO CENTRO-SUL",15339.9,23379.1,1.11402,1.20831,7.90822,7.78468,18.347,16.2629,10.8383,.563418,8.27542,.586335,.464063,5.24377,5.07522,.713362,.640248,.817888,.697018,59,70311,4.3e+06,1.622241,45.88811,83.9129,65.26449
2109,"MACRORREGIAO SUL",10008.6,16226.3,.481875,.545493,4.08988,4.73037,34.9141,26.1203,20.1166,.571582,18.3588,.596732,.486955,20.8816,5.99886,.632971,.547467,.768892,.606376,118,122839,6.4e+06,1.923548,95.41921,96.0607,77.67827
2110,"MACRORREGIAO NORTE",8549.3,12516.5,.627647,.648735,7.51039,7.85462,39.0033,26.8137,18.8634,.567868,22.4377,.592343,.4851,27.0994,3.24369,.638422,.580236,.765194,.591736,265,319886,2.0e+07,1.57024,218.1948,82.84201,68.21017
2111,"MACRORREGIAO LESTE",5272.99,8723.7,.532103,.54627,1.78827,2.18432,44.3367,31.3532,28.6868,.559882,25.7082,.59323,.520494,18.6001,3.86098,.590464,.498048,.740865,.559517,116,123271,8.0e+06,1.537429,85.39689,94.10162,69.27573
2207,"SEMI-ARIDO",5613.09,9386.8,.505433,.53816,2.36735,2.45299,38.7936,28.6247,30.4931,.535576,22.8789,.558951,.522065,9.43222,8.35047,.592404,.482428,.750929,.577127,19,33639,2.9e+06,1.142115,18.95786,56.48206,56.35678
2208,"MEIO NORTE",10707.7,16725.7,1.34988,1.43589,13.8704,15.51,24.8469,19.6996,16.847,.583205,12.0909,.642262,.536815,4.70815,2.75218,.690221,.621718,.798642,.666789,118,126409,6.9e+06,1.828374,100.0043,93.34779,79.11169
2209,"LITORAL",5091.78,8745.96,.470795,.595702,2.37667,2.71278,41.4456,24.7958,28.8601,.549604,22.7436,.57125,.547518,11.641,6.67871,.592878,.475709,.768871,.57344,32,49446,3.4e+06,1.461155,33.08878,64.71706,66.91902
2210,"CERRADOS",7821.13,14367.6,.480612,.54562,2.16066,2.65193,41.4401,26.0213,24.0301,.557648,25.2893,.59903,.500596,10.6555,15.6713,.59917,.494137,.761732,.57434,36,45767,3.0e+06,1.529845,29.74867,78.65929,65.00026
2306,"5ª MACRO - LITORAL LESTE/JAGUARIBE",8021.1,12738.1,.488357,.514852,2.54177,2.97913,32.4505,23.4437,24.276,.498828,15.7192,.473058,.450776,15.5293,.660129,.639669,.577938,.768756,.589865,4,30652,2.7e+06,1.133494,16.56837,13.04972,54.05314
2307,"4ª MACRO - SERTAO CENTRAL",5329.21,8369.64,.400587,.430126,1.60296,1.55277,44.2297,22.9435,28.0483,.547583,25.2906,.578345,.498467,17.7452,1.46051,.615193,.540736,.770852,.559907,20,39566,3.2e+06,1.233506,23.39589,50.54845,59.13131
2308,"3ª MACRO - CARIRI",6400.88,10262.7,.67286,.750769,3.39739,4.62624,36.9219,22.4369,25.2688,.540032,18.8479,.555926,.521546,9.96641,.921539,.640077,.573331,.77778,.58964,66,105680,7.4e+06,1.435653,69.56536,62.45269,65.82642
2309,"2ª MACRO - SOBRAL",6210.23,9932.84,.474232,.548804,2.14789,2.32011,44.1738,23.689,27.6832,.554914,24.3718,.587312,.540541,14.298,1.60732,.620877,.553427,.767487,.564729,85,116052,8.2e+06,1.418772,74.79127,73.24303,64.44634
2310,"1ª MACRO - FORTALEZA",13909.5,20574.2,1.2991,1.28835,20.6567,20.7374,20.9712,18.5922,12.0827,.559461,8.22738,.587406,.470731,8.61518,.62397,.708232,.654502,.803201,.67781,224,355368,2.3e+07,1.521671,228.6146,63.03325,64.33179
2401,"MACRORREGIAO II",12862.6,15608.2,.783258,.763233,9.40006,7.87095,25.7613,21.9528,21.8605,.512368,11.8663,.495858,.437437,11.5433,.888191,.654271,.573597,.782087,.626114,37,60797,4.4e+06,1.380351,36.81545,60.85826,60.55471
2402,"MACRORREGIAO I",12514,18099,1.31856,1.23498,16.6925,14.8202,23.0212,19.6477,17.7111,.547333,9.77836,.569939,.44841,8.63063,.549253,.68195,.599118,.797222,.667603,121,178624,1.3e+07,1.405939,110.8251,67.74006,62.04382
2501,"MACRORREGIAO III - SERTAO/ALTO SERTAO",6529.79,10387.6,.65506,.713429,3.18235,2.56732,32.746,23.3096,27.0385,.51699,16.2773,.512834,.494409,8.9946,.763357,.618278,.512779,.774892,.596316,32,57604,4.7e+06,1.230907,34.06278,55.5517,59.13266
2502,"MACRORREGIAO II - CAMPINA GRANDE",8849.14,13234.6,1.02143,1.06835,8.21571,7.7976,30.4303,23.1438,21.866,.533184,13.9149,.532394,.447606,16.8405,.498098,.637698,.541688,.77697,.619052,71,89231,5.6e+06,1.606075,63.60612,79.56876,71.28253
2503,"MACRORREGIAO I - JOAO PESSOA",12158.7,17847.2,1.46133,1.39869,12.7153,13.0416,26.0285,21.9588,19.8698,.553356,11.5707,.584911,.468769,10.0364,.507001,.666101,.572615,.789289,.657862,81,142248,9.5e+06,1.492387,93.6438,56.9428,65.83137
2605,"VALE DO S.FRANCISCO E ARARIPE",8531.99,12105,.7782,.925959,7.67851,7.04146,35.548,22.593,20.7972,.5811,17.9588,.632583,.552847,11.1316,1.87291,.629307,.528026,.776132,.61142,93,90898,4.9e+06,1.855111,73.47581,102.3125,80.83325
2606,"SERTAO",6923.71,10015.9,.542385,.639189,2.41515,2.16205,41.0187,26.0192,26.3719,.546671,23.0472,.570916,.481385,15.8218,1.11874,.602478,.502386,.757648,.576381,18,57787,4.2e+06,1.377499,36.71003,31.14887,63.52644
2607,"METROPOLITANA",15389.2,22171.8,1.57722,1.48662,21.3273,17.842,22.1048,19.1184,14.141,.565931,8.64862,.619013,.449674,8.69006,.200646,.693975,.616314,.802448,.678448,300,437139,2.8e+07,1.54039,283.5841,68.62806,64.87276
2608,"AGRESTE",7929.77,12206.2,.638709,.694394,6.39663,6.10693,32.054,24.7318,26.4184,.524796,15.7988,.518007,.442465,14.9063,.562167,.606584,.481856,.765083,.607055,51,113041,9.4e+06,1.202108,64.52666,45.11637,57.08252
2703,"2ª MACRORREGIAO DE SAUDE",6296.8,10111.9,.648304,.678831,3.41113,3.36749,44.5653,29.197,31.582,.559955,25.6806,.594627,.483831,26.9508,1.50697,.577933,.458046,.751342,.562814,50,86908,5.4e+06,1.619555,62.48782,57.5321,71.90112
2704,"1ª MACRORREGIAO DE SAUDE",11160.3,16761.5,1.18395,1.09885,12.8738,13.2259,28.9507,26.5358,21.3716,.567167,12.2217,.60849,.446307,6.24297,.786805,.644476,.542711,.770957,.643361,102,164882,1.1e+07,1.485119,106.8005,61.86242,64.77391
2801,"MACRO UNICA",13684.5,17498.1,1.24875,1.24255,12.4615,12.2029,27.8704,22.1039,18.718,.537591,11.6921,.547843,.453733,11.0003,.818267,.652949,.555825,.783946,.643814,98,175922,1.1e+07,1.572926,119.5373,55.7065,67.94906
2910,"SUL (NBS - ILHEUS)",9549.01,12898.8,.659012,.674138,5.47002,5.34711,31.2239,23.6867,21.0172,.539056,12.9945,.539979,.432847,10.6634,5.474,.623119,.50831,.773851,.617854,68,113736,8.1e+06,1.400535,71.09256,59.78758,62.50665
2911,"SUDOESTE (NBS - VITORIA CONQUISTA)",7135.4,11001.2,.625645,.682339,3.83648,3.86377,31.1719,23.4998,22.4288,.509219,14.7283,.491916,.432639,10.9436,5.14492,.611912,.495129,.773712,.600723,61,115849,8.7e+06,1.326396,71.22903,52.65475,61.48437
2912,"OESTE (NBS - BARREIRAS)",13249.5,21144.1,.502926,.555608,2.53529,2.52255,37.8503,22.8376,20.5631,.565325,22.8553,.611823,.467246,9.2781,6.11645,.624141,.532543,.777489,.589955,42,72256,4.7e+06,1.540575,43.98214,58.12666,60.86988
2913,"NORTE - (NRS - JUAZEIRO)",7950.64,11553.3,.631372,.670544,5.2911,5.38725,37.1366,24.8006,21.8293,.556577,19.8909,.585647,.509899,11.4595,6.91602,.61267,.507453,.766734,.594119,24,78739,5.3e+06,1.472981,51.76091,30.48045,65.73733
2914,"NORDESTE (NRS - ALAGOINHAS)",8911.19,11641.5,.596838,.576756,5.16296,4.378,39.2052,27.801,23.8375,.545276,20.5623,.56405,.456567,13.8464,3.68173,.594071,.479231,.75159,.585019,31,46347,4.3e+06,1.0875,24.88901,66.88675,53.70145
2915,"LESTE - (NRS - SALVADOR)",18249,25312.9,1.7741,1.64298,21.3252,19.265,16.999,16.7432,7.51989,.597218,6.92934,.673098,.528587,3.58764,.579242,.722505,.637959,.819952,.723197,252,313595,2.3e+07,1.348948,180.9767,80.35842,57.71031
2916,"EXTREMO SUL (NRS - TEIXEIRA FREITAS)",11421.5,16872.2,.757591,.731431,8.61523,7.3668,24.3064,21.6955,18.6714,.550196,9.62065,.555063,.432965,10.347,3.77586,.649273,.536438,.786321,.65002,45,64875,4.1e+06,1.590913,42.9798,69.36416,66.25018
2917,"CENTRO-LESTE (NRS - FEIRA SANTANA)",8312.46,12861.8,.630046,.627296,6.01806,6.21352,33.5217,23.8711,19.657,.553457,17.318,.58048,.479306,14.343,4.04904,.622163,.514652,.772115,.608663,71,147413,1.1e+07,1.343703,89.24709,48.164,60.54221
2918,"CENTRO - NORTE (NRS - JACOBINA)",5401.83,8521.27,.400334,.473722,1.71501,1.75585,41.0438,28.8405,21.1726,.532357,20.7427,.533515,.509401,13.3755,3.56425,.598197,.504854,.743701,.57211,33,56632,4.0e+06,1.416311,36.77961,58.27094,64.94492
3101,"SUL",17909.4,26409,1.37541,1.32083,22.3521,19.6048,6.92831,13.3363,7.45359,.479762,1.27035,.408346,.357808,.422053,.188243,.727832,.63071,.855535,.71597,64,163233,1.4e+07,1.180516,83.37234,39.20776,51.07566
3102,"CENTRO SUL",16675.2,22404,1.41212,1.40054,22.0497,20.0816,12.3041,14.1848,6.8098,.501597,3.16795,.457842,.376236,1.32751,.344781,.720456,.633279,.848212,.697758,16,40743,3.9e+06,1.045846,20.42144,39.27055,50.12256
3103,"CENTRO",27530.4,33597.5,2.4039,2.36157,38.2633,31.7899,6.71718,13.9432,4.83935,.522883,1.63568,.507672,.405086,.883607,.21826,.75781,.680063,.846557,.757715,210,438250,3.2e+07,1.350231,245.5504,47.91785,56.02975
3104,"JEQUITINHONHA",7001.13,12047.1,.620404,.719792,5.01625,4.8989,27.8392,17.8244,18.1055,.511619,11.7566,.496701,.396382,8.44424,2.0982,.64536,.539736,.808397,.617691,12,23590,2.0e+06,1.161636,13.24382,50.86901,56.14166
3105,"OESTE",16899.5,24039.5,1.02143,1.05348,25.8305,25.0685,4.81113,14.0322,6.27579,.44884,.920897,.355645,.323404,.388033,.119941,.72667,.630911,.849396,.717823,24,69575,6.3e+06,1.106091,34.35717,34.49515,49.38149
3106,"LESTE",9858.74,14271.7,.981282,1.0153,13.193,12.0308,18.9502,16.6933,14.4151,.507496,6.54885,.465912,.393956,3.14461,1.10836,.671376,.562529,.817366,.660207,28,44609,3.4e+06,1.297811,26.82171,62.7676,60.12623
3107,"SUDESTE",14842.4,20486.1,1.93997,1.90605,24.0544,20.8554,9.53091,15.0255,7.35444,.507487,2.36395,.462978,.376903,.486553,.322614,.72421,.630069,.841829,.718621,50,95309,8.3e+06,1.15476,53.62713,52.46094,56.2666
3108,"NORTE",9585.82,13616.2,.868365,.970831,7.09434,6.85961,26.4786,17.2903,16.2025,.512925,10.8796,.491482,.403814,7.8389,2.19333,.67043,.594166,.816334,.624591,74,112970,8.3e+06,1.361597,70.37545,65.50412,62.2957
3109,"NOROESTE",17613.6,26898.1,.91917,.971483,11.5797,10.786,10.5669,14.9878,9.18913,.503427,3.59242,.45542,.414474,1.94035,1.65585,.719987,.632376,.840546,.703497,21,43654,3.5e+06,1.260406,22.4521,48.10556,51.43195
3110,"LESTE DO SUL",10588.2,15515.9,.869859,.883255,11.266,10.5357,17.6233,16.0761,12.3828,.499304,5.63536,.450544,.388362,1.40758,.503507,.669394,.548276,.826796,.663573,16,43015,3.4e+06,1.246847,24.61669,37.19633,57.22814
3111,"NORDESTE",7378.84,10618.8,.637103,.658695,5.75389,5.87087,31.0053,18.7749,22.7626,.526167,13.2031,.513715,.419347,7.15192,3.38711,.624853,.500714,.799627,.611358,33,50683,4.2e+06,1.219737,29.59918,65.11059,58.4006
3112,"TRIANGULO DO SUL",28627.7,40545.7,1.82574,1.81022,25.2927,26.0186,4.18614,13.3738,6.06256,.486438,1.2038,.414744,.364495,.464855,.293813,.748054,.656493,.854089,.748441,28,47842,3.8e+06,1.251595,22.67229,58.52598,47.38993
3113,"TRIANGULO DO NORTE",27948.9,40307.1,1.84063,1.7357,26.4157,23.6042,4.1012,11.948,5.90787,.492884,.987633,.423902,.40098,.496246,.212128,.759158,.670607,.870294,.751227,24,85202,6.4e+06,1.339735,42.06101,28.16835,49.36623
3114,"VALE DO ACO",18647.3,23709.4,1.03489,1.08146,22.2014,22.1914,11.9041,14.872,9.03257,.489601,3.73558,.437018,.362862,.861415,.417524,.718404,.634968,.841726,.696408,26,52075,4.1e+06,1.255597,27.88213,49.92799,53.54226
3205,"SUL",36168.1,37082,1.3095,1.27264,16.3322,14.8528,11.9889,14.0705,9.91452,.497836,3.4047,.441886,.379491,.731782,.259936,.707534,.614274,.833891,.69304,30,43090,3.3e+06,1.296442,20.7527,69.62172,48.16129
3206,"NORTE",13271.8,16267,.827689,.869083,12.2669,11.3291,16.2079,14.746,14.2405,.515621,5.48291,.486913,.420516,2.18141,.506986,.694664,.599741,.825624,.677723,19,27144,2.1e+06,1.297776,15.79243,69.99706,58.1802
3207,"METROPOLITANA",28572.1,32422.4,2.21918,2.04381,40.4211,31.5688,6.93424,12.7258,5.79746,.514174,1.66415,.483023,.404934,.754577,.068831,.755966,.677183,.846598,.756023,98,161877,1.1e+07,1.498947,96.47418,60.53979,59.59721
3208,"CENTRAL",23315.7,28181.2,1.40565,1.34593,21.5518,20.4708,10.8733,14.4626,10.3222,.51033,3.37929,.467895,.390584,1.26003,.181764,.71865,.632609,.829142,.70795,25,45323,3.2e+06,1.42542,25.74608,55.15963,56.80577
3310,"MACRORREGIAO III",59039.5,49804.7,1.79889,1.67653,21.5646,19.4983,10.0973,14.9628,7.10189,.525294,2.81399,.498413,.392974,3.62183,.141308,.723342,.634294,.82364,.72529,91,147162,1.0e+07,1.43561,68.60603,61.83662,46.6194
3311,"MACRORREGIAO II",26999.4,39254.4,2.35472,2.11688,37.9711,32.4687,6.64393,13.824,3.79657,.546095,1.84694,.564083,.426794,1.47764,.059418,.76226,.682707,.836859,.777043,639,886996,6.7e+07,1.325581,453.3022,72.04091,51.10532
3312,"MACRORREGIAO I",32555.8,41218.6,2.11898,1.95845,26.6716,22.2139,7.62471,14.6477,5.17731,.500454,2.02408,.448608,.361417,.857838,.222446,.734143,.656934,.826331,.729711,59,99559,7.6e+06,1.316587,48.98016,59.26134,49.19712
3518,"RRAS9",22225.4,30783.6,1.69542,1.69014,24.6873,21.423,4.29844,12.8893,5.56185,.475004,1.04136,.40824,.334738,.379583,.188357,.762047,.695993,.849948,.74908,57,110133,8.8e+06,1.253644,57.38757,51.7556,52.10751
3519,"RRAS8",26925.1,36527.4,1.34494,1.2557,28.8954,26.0701,6.59222,14.2317,5.18983,.487328,1.75917,.428256,.349802,1.0516,.187383,.756507,.701308,.838266,.737883,85,169402,1.2e+07,1.378235,85.39573,50.1765,50.41011
3520,"RRAS7",23476.2,32300.7,1.76296,1.68048,36.1516,30.6385,7.2411,14.1143,4.79491,.502023,2.04377,.460573,.346645,1.14336,.312152,.766585,.710749,.844521,.751695,117,141139,1.0e+07,1.346081,75.75392,82.897,53.67327
3521,"RRAS6",43353.2,56043.2,2.75359,2.64942,55.1841,44.7691,4.27,13.15,3.18,.62,.92,.72,.55,.47,.03,805,725,855,843,452,960427,6.0e+07,1.597969,491.6322,47.0624,51.18892
3522,"RRAS5",55488.3,80025.6,2.00636,1.77448,43.6531,38.2096,5.63473,13.4036,4.12002,.521933,1.67181,.504194,.381334,.913125,.04713,.767716,.705881,.846211,.758846,42,130200,9.2e+06,1.408342,43.80086,32.25806,33.64121
3523,"RRAS4",23574.1,33249.8,1.24565,.965608,29.7715,24.5829,6.15709,12.6701,4.95706,.486217,1.70175,.427633,.319962,1.38469,.115266,.755236,.694233,.84942,.731086,36,71413,5.6e+06,1.286235,34.76939,50.41099,48.68776
3524,"RRAS3",23427.8,38672.3,1.34771,1.17727,28.9423,24.601,7.1571,13.933,5.67016,.450606,2.0171,.367335,.26856,2.13526,.16041,.739545,.680315,.841797,.707048,23,37206,2.9e+06,1.275203,17.29935,61.81799,46.49614
3525,"RRAS2",26014.7,34921.5,1.4916,1.26699,35.136,28.7044,7.35957,13.4878,4.55646,.490883,2.07264,.439481,.333231,.945022,.147795,.758006,.711451,.840933,.728545,139,199547,1.5e+07,1.359988,101.4769,69.65778,50.85365
3526,"RRAS17",31200.4,42929.1,1.84468,1.70317,35.7405,28.4012,5.67234,12.6157,4.01696,.521683,1.40156,.487452,.395349,.788004,.237646,.780252,.731301,.854443,.760875,58,167675,1.2e+07,1.353372,80.84798,34.59072,48.21707
3527,"RRAS16",45149.9,66716.5,1.77391,1.80619,47.9584,39.7063,3.32063,12.4706,4.66072,.487513,.819606,.428575,.356562,1.42742,.058469,.777331,.710303,.853202,.776175,38,93395,6.2e+06,1.502402,38.02914,40.6874,40.71861
3528,"RRAS15",37339.9,52311.9,2.24245,2.08022,43.3202,36.7552,2.96689,12.1897,4.14264,.491898,.727791,.432734,.363762,.367848,.033727,.783538,.717903,.857614,.78194,92,262273,2.0e+07,1.287089,114.1341,35.07795,43.5173
3529,"RRAS14",31114.2,43986.8,1.61333,1.47517,43.5199,38.0855,3.31176,13.7487,4.41017,.485799,.779485,.421976,.345286,.273341,.056143,.77445,.711707,.852263,.767048,57,96116,7.7e+06,1.246821,42.65035,59.30334,44.37383
3530,"RRAS13",24970.7,34963.1,1.9567,1.83782,37.1836,31.7236,3.49916,13.8974,5.178,.47786,.778193,.407487,.349105,.142667,.075975,.769907,.710003,.84689,.759732,113,225746,1.8e+07,1.252118,113.7855,50.05626,50.40422
3531,"RRAS12",21449.6,29924.8,1.83325,1.78985,27.1753,25.6625,3.0347,13.6489,6.05854,.456543,.743435,.368658,.343624,.254677,.106947,.767765,.712468,.845606,.752153,57,143421,1.2e+07,1.213062,74.48728,39.74313,51.9361
3532,"RRAS11",19317.9,27431.8,1.59018,1.56866,21.9251,20.0307,5.52662,13.6719,7.06417,.484403,1.56292,.421145,.39678,.487002,.115566,.763345,.717796,.842453,.736138,28,48288,3.8e+06,1.26372,25.95023,57.98542,53.74054
3533,"RRAS10",19877.7,28353.4,1.63394,1.59672,19.2287,17.4225,4.72216,13.3668,6.35669,.475577,1.02713,.403697,.365813,.200343,.071288,.76671,.722352,.846703,.737756,43,67903,5.7e+06,1.200005,35.0764,63.32563,51.65664
3534,"RRAS1",38442.4,43020.3,2.32657,2.12081,53.6491,44.6166,3.91967,12.7906,3.29231,.497339,1.03549,.447501,.365557,.428987,.024543,.795451,.751639,.857202,.782727,99,162702,1.4e+07,1.190443,74.67137,60.84744,45.89456
4105,"MACRORREGIONAL NORTE",19489.4,28883,1.40887,1.40863,16.8269,16.3194,6.51257,13.1481,8.35269,.479701,1.877,.412467,.390498,.736977,.338559,.733458,.652856,.828078,.730939,69,126991,9.8e+06,1.296542,67.45016,54.33456,53.11413
4106,"MACRORREGIONAL NOROESTE",18879.9,30133.2,1.14608,1.22101,20.3439,19.9173,4.56358,12.9129,8.35408,.449351,1.17234,.35667,.354581,.648425,.151303,.741018,.669407,.832866,.731313,67,125529,9.2e+06,1.361837,66.97546,53.37412,53.35458
4107,"MACRORREGIONAL LESTE",28541.8,39100.3,1.80129,1.75693,29.1664,26.898,6.74634,12.326,4.6575,.509384,2.11951,.471706,.399673,1.13309,.510978,.75337,.670424,.8436,.759601,136,389836,2.7e+07,1.436756,205.0164,34.88647,52.59043
4108,"MACRORREGIAO OESTE",22459.4,36712.5,1.06863,1.16437,15.7803,17.2575,7.39838,12.687,6.92933,.498657,2.37065,.45068,.413541,1.06783,.384128,.740301,.660365,.836427,.736103,60,145725,9.7e+06,1.497868,77.29196,41.17344,53.0396
4210,"SUL",20511.1,29832.5,1.23983,1.27767,17.0325,15.2316,2.93749,11.7267,4.45593,.437977,.825714,.339261,.317003,.781089,.046012,.761556,.688866,.856178,.750251,13,65119,4.9e+06,1.328773,34.43658,19.96345,52.88254
4211,"PLANALTO NORTE E NORDESTE",32047.5,43423.1,1.56239,1.55313,27.2314,23.3151,3.54572,10.4307,3.02266,.466536,.876792,.382641,.337516,.995703,.224453,.780739,.714881,.872782,.763438,22,97693,6.8e+06,1.436119,48.26437,22.51953,49.40412
4212,"MEIO OESTE E SERRA CATARINENSE",23260,34332.7,1.148,1.16321,22.4522,16.0854,7.12665,12.0773,6.39052,.48352,1.83483,.420782,.359279,.641047,.380371,.74077,.650903,.852794,.73368,28,64821,4.6e+06,1.424008,33.97109,43.19588,52.40754
4213,"GRANDE OESTE",26064.2,33941.7,1.13263,1.24444,11.2597,10.6812,5.75412,12.228,6.56702,.463885,1.95717,.390043,.390093,1.76247,.491216,.752869,.672896,.851347,.745844,21,55927,3.9e+06,1.430852,29.72621,37.54895,53.1518
4214,"GRANDE FLORIANOPOLIS",25347.6,35591.8,2.41305,2.25376,30.5866,24.6519,2.00349,11.0033,3.36795,.46711,.554176,.399144,.358004,.269893,.074626,.800788,.733361,.869618,.807125,21,80603,5.7e+06,1.402503,45.00317,26.05362,55.83311
4215,"FOZ DO RIO ITAJAI",36789.9,54015.3,1.48176,1.57367,21.432,20.0585,2.48788,10.0593,3.13664,.452409,.523926,.366321,.319056,.584268,.06564,.783351,.701954,.880507,.778692,27,48907,3.3e+06,1.470581,22.00901,55.20682,45.00176
4216,"ALTO VALE DO ITAJAI",28518.8,39505.2,1.62883,1.58922,22.4248,19.013,1.98575,9.96275,2.95773,.425419,.626094,.321542,.277771,.517777,.03981,.776748,.684708,.878302,.780075,21,70769,5.2e+06,1.353118,35.05775,29.67401,49.53829
4308,"VALES",23722.6,35272.6,1.29174,1.37987,14.7693,15.5619,6.20136,11.8096,5.66917,.460385,2.08154,.385914,.353809,1.01563,.294185,.728373,.620167,.844601,.740428,16,51947,4.5e+06,1.157485,23.98779,30.80062,46.17744
4309,"SUL",17604,26894.1,1.69624,1.68505,12.7095,12.4353,9.75073,12.203,5.87757,.519109,3.2065,.498441,.431213,.904095,.398005,.714899,.596481,.842694,.729263,36,64886,5.3e+06,1.222722,34.67635,55.48192,53.44196
4310,"SERRA",33341.7,43493.6,2.1167,1.95085,44.7448,36.3616,2.21623,11.6686,2.98339,.460787,.569855,.382479,.329379,.216748,.08074,.767537,.672643,.852346,.790095,20,74543,5.9e+06,1.257227,34.72539,26.83015,46.58438
4311,"NORTE",22642.5,35436.2,1.39668,1.43727,11.6011,10.505,7.74681,12.3964,6.58752,.488848,3.1225,.442354,.414177,1.74335,.454475,.738765,.647893,.841281,.741478,33,76480,6.2e+06,1.232671,36.7822,43.14854,48.09388
4312,"MISSIONEIRA",23381.4,37857.5,1.14979,1.13751,11.0214,11.2481,7.47987,11.7771,5.42849,.50177,2.59682,.461186,.443047,1.26465,.451101,.741004,.651017,.848804,.737258,21,53746,4.5e+06,1.205434,24.26043,39.07267,45.13904
4313,"METROPOLITANA",27115.6,38201.5,2.23007,2.23792,30.5748,26.527,5.06743,11.337,3.53569,.508436,1.32569,.486472,.385323,.625994,.177971,.751302,.639481,.855948,.776842,123,330925,2.5e+07,1.342817,174.19,37.16854,52.63731
4314,"CENTRO-OESTE",16190,25918,1.46141,1.41064,9.91683,9.08823,10.1381,11.9687,5.30687,.533513,3.25755,.520395,.445583,1.29345,.578116,.734761,.641383,.846134,.732924,26,62434,5.1e+06,1.223133,32.9859,41.64397,52.83323
5005,"TRES LAGOAS",34573.2,60876.4,1.11762,1.12361,17.4633,22.5377,5.7818,17.6609,9.02455,.496979,1.66199,.438745,.391399,1.18728,.346609,.719478,.612574,.833431,.730487,15,19601,1.4e+06,1.428613,7.745963,76.52671,39.5182
5006,"DOURADOS",19592.6,32010.6,.916553,1.01704,13.3638,18.4726,13.5748,18.9256,10.246,.524531,5.78355,.502355,.43358,6.38106,2.91792,.697417,.587198,.824047,.703005,52,69148,4.1e+06,1.702041,42.2153,75.20102,61.05064
5007,"CORUMBA",20374.6,24161.7,.900741,.880188,14.9796,16.1161,16.2723,17.9488,6.40409,.545228,4.4768,.552046,.438865,10.3391,2.21503,.700636,.59109,.832091,.698773,13,11326,658778,1.719244,7.497143,114.7802,66.19409
5008,"CAMPO GRANDE",20768.9,31120.5,1.77144,1.7205,18.9831,21.041,8.09709,17.2364,6.27553,.547422,2.58741,.546175,.477442,2.48215,.625953,.744392,.657595,.837897,.752344,54,117219,7.3e+06,1.598799,72.56946,46.06762,61.9093
5101,"MACRORREGIAO SUL",30585.5,44822.2,.884131,.902795,12.5295,14.1512,7.19982,16.1729,8.568,.50045,2.80507,.444688,.396881,2.00751,1.16984,.731234,.651129,.825305,.729037,23,42699,2.5e+06,1.683456,22.33979,53.86543,52.31924
5102,"MACRORREGIAO OESTE",16384.2,25353,.6887,.745361,7.36401,10.0583,13.0918,17.2335,11.5657,.523602,5.09753,.492433,.403877,6.71591,1.74395,.695619,.599135,.81463,.691569,22,23752,1.6e+06,1.52142,13.90437,92.62378,58.53978
5103,"MACRORREGIAO NORTE",24795.4,40667,.753947,.894366,7.21904,9.87055,8.99003,16.3405,7.87411,.512984,3.84659,.473278,.402951,4.23641,1.36678,.716667,.617734,.823692,.725122,38,65581,3.7e+06,1.790368,37.81099,57.94361,57.6554
5104,"MACRORREGIAO LESTE",17650.9,31466.3,.658443,.674416,5.93969,6.27172,17.6852,17.0273,11.3008,.547169,9.61964,.538052,.412611,6.54315,5.85596,.685812,.578499,.816747,.687578,10,26533,1.6e+06,1.61472,15.16997,37.68892,57.17398
5105,"MACRORREGIAO CENTRO-NORTE",21845.9,33871.2,1.45332,1.3895,18.9045,20.1671,9.00538,15.6225,7.59121,.535886,3.93923,.515964,.407932,6.01993,1.75571,.734842,.651346,.829982,.737535,94,123534,7.4e+06,1.674354,75.13469,76.09241,60.82106
5206,"MACRORREGIAO SUDOESTE",29510.6,40340.7,.907479,.856573,18.062,18.6362,5.06971,12.5945,9.26017,.520501,1.53505,.483299,.464241,1.64807,.561823,.731658,.622781,.843249,.746445,17,47633,3.3e+06,1.437415,23.0082,35.68954,48.30306
5207,"MACRORREGIAO NORDESTE",9945.57,14137.4,.653264,.578216,8.44578,6.59112,14.3177,13.1928,9.07175,.495842,5.14443,.449706,.330124,4.48037,1.5471,.694247,.598507,.828846,.676432,14,33913,6.3e+06,.5379543,13.45679,41.2821,39.68032
5208,"MACRORREGIAO CENTRO-OESTE",20436.5,28413.4,2.28625,2.13682,18.9324,20.7312,4.84465,13.2966,6.26279,.537727,1.18332,.522565,.470179,1.92521,.224149,.765025,.693588,.833476,.776603,127,205385,1.1e+07,1.818357,151.0858,61.83509,73.56223
5209,"MACRORREGIAO CENTRO-NORTE",20385.4,25963.2,1.07618,1.03424,9.15809,9.04526,9.59331,14.3108,10.2249,.495218,3.21839,.435432,.38749,3.76238,.969975,.711967,.622918,.825686,.702793,45,73393,5.5e+06,1.327847,39.63703,61.31375,54.00655
5210,"MACRORREGIAO CENTRO SUDESTE",22107,31077.5,.957679,.9738,11.0613,13.7984,5.682,13.3117,7.4289,.475475,1.37983,.396154,.346288,5.31447,.162119,.721438,.62753,.833253,.719036,31,69347,7.2e+06,.9661026,29.43397,44.70273,42.44448
5302,"DISTRITO FEDERAL",58290.1,77853.1,2.74729,2.47507,26.7515,26.5031,4.93,14.01,3.47,.63,1.19,.76,.63,.72,.09,824,742,873,863,152,288736,1.4e+07,1.998119,141.4273,52.64325,48.98152
